sep=;
Run time (s);Round;Exception;deadline;Agreement;Discounted;#agreeing;min.util.;max.util.;Dist. to Pareto;Dist. to Nash;Social Welfare;Agent 1;Agent 2;Utility 1;Utility 2;Disc. Util. 1;Disc. Util. 2;Perceived. Util. 1;Perceived. Util. 2;Profile 1;Profile 2
0,006;4;;60rounds;Yes;Yes;2;0,83795;0,83795;0,00000;0,13333;1,67590;ConcederNegotiationParty@1804;ConcederNegotiationParty@1805;0.8740242984783759;0.874024298478376;0.8379496034780919;0.837949603478092;0.8379496034780919;0.837949603478092;laptop_buyer_utility.xml;laptop_seller_utility.xml
0,009;5;;60rounds;Yes;Yes;2;0,77056;0,94535;0,00000;0,00000;1,71591;Group29_BoaParty@1806;ConcederNegotiationParty@1807;1.0;0.8151053951696905;0.9453497733182434;0.7705597005541441;0.9453497733182434;0.7705597005541441;laptop_buyer_utility.xml;laptop_seller_utility.xml
0,003;2;;60rounds;Yes;Yes;2;0,80373;0,98605;0,00000;0,00000;1,78978;ConcederNegotiationParty@1808;Group29_BoaParty@1809;1.0;0.8151053951696905;0.9860481692593485;0.8037331826604911;0.9860481692593485;0.8037331826604911;laptop_buyer_utility.xml;laptop_seller_utility.xml
0,007;5;;60rounds;Yes;Yes;2;0,77056;0,94535;0,00000;0,00000;1,71591;Group29_BoaParty@1810;Group29_BoaParty@1811;1.0;0.8151053951696905;0.9453497733182434;0.7705597005541441;0.9453497733182434;0.7705597005541441;laptop_buyer_utility.xml;laptop_seller_utility.xml
0,006;4;;60rounds;Yes;Yes;2;0,83795;0,83795;0,00000;0,13333;1,67590;ConcederNegotiationParty@1812;ConcederNegotiationParty@1813;0.8740242984783759;0.874024298478376;0.8379496034780919;0.837949603478092;0.8379496034780919;0.837949603478092;laptop_buyer_utility.xml;laptop_seller_utility.xml
0,006;5;;60rounds;Yes;Yes;2;0,77056;0,94535;0,00000;0,00000;1,71591;Group29_BoaParty@1814;ConcederNegotiationParty@1815;1.0;0.8151053951696905;0.9453497733182434;0.7705597005541441;0.9453497733182434;0.7705597005541441;laptop_buyer_utility.xml;laptop_seller_utility.xml
0,004;2;;60rounds;Yes;Yes;2;0,80373;0,98605;0,00000;0,00000;1,78978;ConcederNegotiationParty@1816;Group29_BoaParty@1817;1.0;0.8151053951696905;0.9860481692593485;0.8037331826604911;0.9860481692593485;0.8037331826604911;laptop_buyer_utility.xml;laptop_seller_utility.xml
0,006;5;;60rounds;Yes;Yes;2;0,77056;0,94535;0,00000;0,00000;1,71591;Group29_BoaParty@1818;Group29_BoaParty@1819;1.0;0.8151053951696905;0.9453497733182434;0.7705597005541441;0.9453497733182434;0.7705597005541441;laptop_buyer_utility.xml;laptop_seller_utility.xml
0,008;4;;60rounds;Yes;Yes;2;0,83795;0,83795;0,00000;0,13333;1,67590;ConcederNegotiationParty@1820;ConcederNegotiationParty@1821;0.8740242984783759;0.874024298478376;0.8379496034780919;0.837949603478092;0.8379496034780919;0.837949603478092;laptop_buyer_utility.xml;laptop_seller_utility.xml
0,006;5;;60rounds;Yes;Yes;2;0,77056;0,94535;0,00000;0,00000;1,71591;Group29_BoaParty@1822;ConcederNegotiationParty@1823;1.0;0.8151053951696905;0.9453497733182434;0.7705597005541441;0.9453497733182434;0.7705597005541441;laptop_buyer_utility.xml;laptop_seller_utility.xml
0,005;2;;60rounds;Yes;Yes;2;0,80373;0,98605;0,00000;0,00000;1,78978;ConcederNegotiationParty@1824;Group29_BoaParty@1825;1.0;0.8151053951696905;0.9860481692593485;0.8037331826604911;0.9860481692593485;0.8037331826604911;laptop_buyer_utility.xml;laptop_seller_utility.xml
0,004;3;;60rounds;Yes;Yes;2;0,79252;0,97229;0,00000;0,00000;1,76481;Group29_BoaParty@1826;Group29_BoaParty@1827;1.0;0.8151053951696905;0.9722909920997126;0.7925196333353667;0.9722909920997126;0.7925196333353667;laptop_buyer_utility.xml;laptop_seller_utility.xml
0,008;4;;60rounds;Yes;Yes;2;0,83795;0,83795;0,00000;0,13333;1,67590;ConcederNegotiationParty@1828;ConcederNegotiationParty@1829;0.8740242984783759;0.874024298478376;0.8379496034780919;0.837949603478092;0.8379496034780919;0.837949603478092;laptop_buyer_utility.xml;laptop_seller_utility.xml
0,007;5;;60rounds;Yes;Yes;2;0,77056;0,94535;0,00000;0,00000;1,71591;Group29_BoaParty@1830;ConcederNegotiationParty@1831;1.0;0.8151053951696905;0.9453497733182434;0.7705597005541441;0.9453497733182434;0.7705597005541441;laptop_buyer_utility.xml;laptop_seller_utility.xml
0,004;2;;60rounds;Yes;Yes;2;0,80373;0,98605;0,00000;0,00000;1,78978;ConcederNegotiationParty@1832;Group29_BoaParty@1833;1.0;0.8151053951696905;0.9860481692593485;0.8037331826604911;0.9860481692593485;0.8037331826604911;laptop_buyer_utility.xml;laptop_seller_utility.xml
0,004;2;;60rounds;Yes;Yes;2;0,80373;0,98605;0,00000;0,00000;1,78978;Group29_BoaParty@1834;Group29_BoaParty@1835;1.0;0.8151053951696905;0.9860481692593485;0.8037331826604911;0.9860481692593485;0.8037331826604911;laptop_buyer_utility.xml;laptop_seller_utility.xml
0,008;4;;60rounds;Yes;Yes;2;0,83795;0,83795;0,00000;0,13333;1,67590;ConcederNegotiationParty@1836;ConcederNegotiationParty@1837;0.8740242984783759;0.874024298478376;0.8379496034780919;0.837949603478092;0.8379496034780919;0.837949603478092;laptop_buyer_utility.xml;laptop_seller_utility.xml
0,009;5;;60rounds;Yes;Yes;2;0,77056;0,94535;0,00000;0,00000;1,71591;Group29_BoaParty@1838;ConcederNegotiationParty@1839;1.0;0.8151053951696905;0.9453497733182434;0.7705597005541441;0.9453497733182434;0.7705597005541441;laptop_buyer_utility.xml;laptop_seller_utility.xml
0,005;2;;60rounds;Yes;Yes;2;0,80373;0,98605;0,00000;0,00000;1,78978;ConcederNegotiationParty@1840;Group29_BoaParty@1841;1.0;0.8151053951696905;0.9860481692593485;0.8037331826604911;0.9860481692593485;0.8037331826604911;laptop_buyer_utility.xml;laptop_seller_utility.xml
0,005;2;;60rounds;Yes;Yes;2;0,80373;0,98605;0,00000;0,00000;1,78978;Group29_BoaParty@1842;Group29_BoaParty@1843;1.0;0.8151053951696905;0.9860481692593485;0.8037331826604911;0.9860481692593485;0.8037331826604911;laptop_buyer_utility.xml;laptop_seller_utility.xml
0,008;4;;60rounds;Yes;Yes;2;0,83795;0,83795;0,00000;0,13333;1,67590;ConcederNegotiationParty@1844;ConcederNegotiationParty@1845;0.8740242984783759;0.874024298478376;0.8379496034780919;0.837949603478092;0.8379496034780919;0.837949603478092;laptop_buyer_utility.xml;laptop_seller_utility.xml
0,009;5;;60rounds;Yes;Yes;2;0,77056;0,94535;0,00000;0,00000;1,71591;Group29_BoaParty@1846;ConcederNegotiationParty@1847;1.0;0.8151053951696905;0.9453497733182434;0.7705597005541441;0.9453497733182434;0.7705597005541441;laptop_buyer_utility.xml;laptop_seller_utility.xml
0,006;2;;60rounds;Yes;Yes;2;0,80373;0,98605;0,00000;0,00000;1,78978;ConcederNegotiationParty@1848;Group29_BoaParty@1849;1.0;0.8151053951696905;0.9860481692593485;0.8037331826604911;0.9860481692593485;0.8037331826604911;laptop_buyer_utility.xml;laptop_seller_utility.xml
0,005;2;;60rounds;Yes;Yes;2;0,80373;0,98605;0,00000;0,00000;1,78978;Group29_BoaParty@1850;Group29_BoaParty@1851;1.0;0.8151053951696905;0.9860481692593485;0.8037331826604911;0.9860481692593485;0.8037331826604911;laptop_buyer_utility.xml;laptop_seller_utility.xml
0,007;4;;60rounds;Yes;Yes;2;0,83795;0,83795;0,00000;0,13333;1,67590;ConcederNegotiationParty@1852;ConcederNegotiationParty@1853;0.8740242984783759;0.874024298478376;0.8379496034780919;0.837949603478092;0.8379496034780919;0.837949603478092;laptop_buyer_utility.xml;laptop_seller_utility.xml
0,010;5;;60rounds;Yes;Yes;2;0,77056;0,94535;0,00000;0,00000;1,71591;Group29_BoaParty@1854;ConcederNegotiationParty@1855;1.0;0.8151053951696905;0.9453497733182434;0.7705597005541441;0.9453497733182434;0.7705597005541441;laptop_buyer_utility.xml;laptop_seller_utility.xml
0,002;2;;60rounds;Yes;Yes;2;0,80373;0,98605;0,00000;0,00000;1,78978;ConcederNegotiationParty@1856;Group29_BoaParty@1857;1.0;0.8151053951696905;0.9860481692593485;0.8037331826604911;0.9860481692593485;0.8037331826604911;laptop_buyer_utility.xml;laptop_seller_utility.xml
0,005;3;;60rounds;Yes;Yes;2;0,79252;0,97229;0,00000;0,00000;1,76481;Group29_BoaParty@1858;Group29_BoaParty@1859;1.0;0.8151053951696905;0.9722909920997126;0.7925196333353667;0.9722909920997126;0.7925196333353667;laptop_buyer_utility.xml;laptop_seller_utility.xml
0,007;4;;60rounds;Yes;Yes;2;0,83795;0,83795;0,00000;0,13333;1,67590;ConcederNegotiationParty@1860;ConcederNegotiationParty@1861;0.8740242984783759;0.874024298478376;0.8379496034780919;0.837949603478092;0.8379496034780919;0.837949603478092;laptop_buyer_utility.xml;laptop_seller_utility.xml
0,011;5;;60rounds;Yes;Yes;2;0,77056;0,94535;0,00000;0,00000;1,71591;Group29_BoaParty@1862;ConcederNegotiationParty@1863;1.0;0.8151053951696905;0.9453497733182434;0.7705597005541441;0.9453497733182434;0.7705597005541441;laptop_buyer_utility.xml;laptop_seller_utility.xml
0,004;2;;60rounds;Yes;Yes;2;0,80373;0,98605;0,00000;0,00000;1,78978;ConcederNegotiationParty@1864;Group29_BoaParty@1865;1.0;0.8151053951696905;0.9860481692593485;0.8037331826604911;0.9860481692593485;0.8037331826604911;laptop_buyer_utility.xml;laptop_seller_utility.xml
0,003;3;;60rounds;Yes;Yes;2;0,79252;0,97229;0,00000;0,00000;1,76481;Group29_BoaParty@1866;Group29_BoaParty@1867;1.0;0.8151053951696905;0.9722909920997126;0.7925196333353667;0.9722909920997126;0.7925196333353667;laptop_buyer_utility.xml;laptop_seller_utility.xml
0,006;4;;60rounds;Yes;Yes;2;0,83795;0,83795;0,00000;0,13333;1,67590;ConcederNegotiationParty@1868;ConcederNegotiationParty@1869;0.8740242984783759;0.874024298478376;0.8379496034780919;0.837949603478092;0.8379496034780919;0.837949603478092;laptop_buyer_utility.xml;laptop_seller_utility.xml
0,011;5;;60rounds;Yes;Yes;2;0,77056;0,94535;0,00000;0,00000;1,71591;Group29_BoaParty@1870;ConcederNegotiationParty@1871;1.0;0.8151053951696905;0.9453497733182434;0.7705597005541441;0.9453497733182434;0.7705597005541441;laptop_buyer_utility.xml;laptop_seller_utility.xml
0,004;2;;60rounds;Yes;Yes;2;0,80373;0,98605;0,00000;0,00000;1,78978;ConcederNegotiationParty@1872;Group29_BoaParty@1873;1.0;0.8151053951696905;0.9860481692593485;0.8037331826604911;0.9860481692593485;0.8037331826604911;laptop_buyer_utility.xml;laptop_seller_utility.xml
0,010;5;;60rounds;Yes;Yes;2;0,77056;0,94535;0,00000;0,00000;1,71591;Group29_BoaParty@1874;Group29_BoaParty@1875;1.0;0.8151053951696905;0.9453497733182434;0.7705597005541441;0.9453497733182434;0.7705597005541441;laptop_buyer_utility.xml;laptop_seller_utility.xml
0,006;4;;60rounds;Yes;Yes;2;0,83795;0,83795;0,00000;0,13333;1,67590;ConcederNegotiationParty@1876;ConcederNegotiationParty@1877;0.8740242984783759;0.874024298478376;0.8379496034780919;0.837949603478092;0.8379496034780919;0.837949603478092;laptop_buyer_utility.xml;laptop_seller_utility.xml
0,009;5;;60rounds;Yes;Yes;2;0,77056;0,94535;0,00000;0,00000;1,71591;Group29_BoaParty@1878;ConcederNegotiationParty@1879;1.0;0.8151053951696905;0.9453497733182434;0.7705597005541441;0.9453497733182434;0.7705597005541441;laptop_buyer_utility.xml;laptop_seller_utility.xml
0,004;2;;60rounds;Yes;Yes;2;0,80373;0,98605;0,00000;0,00000;1,78978;ConcederNegotiationParty@1880;Group29_BoaParty@1881;1.0;0.8151053951696905;0.9860481692593485;0.8037331826604911;0.9860481692593485;0.8037331826604911;laptop_buyer_utility.xml;laptop_seller_utility.xml
0,005;3;;60rounds;Yes;Yes;2;0,79252;0,97229;0,00000;0,00000;1,76481;Group29_BoaParty@1882;Group29_BoaParty@1883;1.0;0.8151053951696905;0.9722909920997126;0.7925196333353667;0.9722909920997126;0.7925196333353667;laptop_buyer_utility.xml;laptop_seller_utility.xml
0,005;4;;60rounds;Yes;Yes;2;0,83795;0,83795;0,00000;0,13333;1,67590;ConcederNegotiationParty@1884;ConcederNegotiationParty@1885;0.8740242984783759;0.874024298478376;0.8379496034780919;0.837949603478092;0.8379496034780919;0.837949603478092;laptop_buyer_utility.xml;laptop_seller_utility.xml
0,009;5;;60rounds;Yes;Yes;2;0,77056;0,94535;0,00000;0,00000;1,71591;Group29_BoaParty@1886;ConcederNegotiationParty@1887;1.0;0.8151053951696905;0.9453497733182434;0.7705597005541441;0.9453497733182434;0.7705597005541441;laptop_buyer_utility.xml;laptop_seller_utility.xml
0,004;2;;60rounds;Yes;Yes;2;0,80373;0,98605;0,00000;0,00000;1,78978;ConcederNegotiationParty@1888;Group29_BoaParty@1889;1.0;0.8151053951696905;0.9860481692593485;0.8037331826604911;0.9860481692593485;0.8037331826604911;laptop_buyer_utility.xml;laptop_seller_utility.xml
0,002;2;;60rounds;Yes;Yes;2;0,80373;0,98605;0,00000;0,00000;1,78978;Group29_BoaParty@1890;Group29_BoaParty@1891;1.0;0.8151053951696905;0.9860481692593485;0.8037331826604911;0.9860481692593485;0.8037331826604911;laptop_buyer_utility.xml;laptop_seller_utility.xml
0,005;4;;60rounds;Yes;Yes;2;0,83795;0,83795;0,00000;0,13333;1,67590;ConcederNegotiationParty@1892;ConcederNegotiationParty@1893;0.8740242984783759;0.874024298478376;0.8379496034780919;0.837949603478092;0.8379496034780919;0.837949603478092;laptop_buyer_utility.xml;laptop_seller_utility.xml
0,007;5;;60rounds;Yes;Yes;2;0,77056;0,94535;0,00000;0,00000;1,71591;Group29_BoaParty@1894;ConcederNegotiationParty@1895;1.0;0.8151053951696905;0.9453497733182434;0.7705597005541441;0.9453497733182434;0.7705597005541441;laptop_buyer_utility.xml;laptop_seller_utility.xml
0,004;2;;60rounds;Yes;Yes;2;0,80373;0,98605;0,00000;0,00000;1,78978;ConcederNegotiationParty@1896;Group29_BoaParty@1897;1.0;0.8151053951696905;0.9860481692593485;0.8037331826604911;0.9860481692593485;0.8037331826604911;laptop_buyer_utility.xml;laptop_seller_utility.xml
0,002;2;;60rounds;Yes;Yes;2;0,80373;0,98605;0,00000;0,00000;1,78978;Group29_BoaParty@1898;Group29_BoaParty@1899;1.0;0.8151053951696905;0.9860481692593485;0.8037331826604911;0.9860481692593485;0.8037331826604911;laptop_buyer_utility.xml;laptop_seller_utility.xml
0,007;4;;60rounds;Yes;Yes;2;0,83795;0,83795;0,00000;0,13333;1,67590;ConcederNegotiationParty@1900;ConcederNegotiationParty@1901;0.8740242984783759;0.874024298478376;0.8379496034780919;0.837949603478092;0.8379496034780919;0.837949603478092;laptop_buyer_utility.xml;laptop_seller_utility.xml
0,012;5;;60rounds;Yes;Yes;2;0,77056;0,94535;0,00000;0,00000;1,71591;Group29_BoaParty@1902;ConcederNegotiationParty@1903;1.0;0.8151053951696905;0.9453497733182434;0.7705597005541441;0.9453497733182434;0.7705597005541441;laptop_buyer_utility.xml;laptop_seller_utility.xml
0,002;2;;60rounds;Yes;Yes;2;0,80373;0,98605;0,00000;0,00000;1,78978;ConcederNegotiationParty@1904;Group29_BoaParty@1905;1.0;0.8151053951696905;0.9860481692593485;0.8037331826604911;0.9860481692593485;0.8037331826604911;laptop_buyer_utility.xml;laptop_seller_utility.xml
0,003;2;;60rounds;Yes;Yes;2;0,80373;0,98605;0,00000;0,00000;1,78978;Group29_BoaParty@1906;Group29_BoaParty@1907;1.0;0.8151053951696905;0.9860481692593485;0.8037331826604911;0.9860481692593485;0.8037331826604911;laptop_buyer_utility.xml;laptop_seller_utility.xml
0,004;4;;60rounds;Yes;Yes;2;0,83795;0,83795;0,00000;0,13333;1,67590;ConcederNegotiationParty@1908;ConcederNegotiationParty@1909;0.8740242984783759;0.874024298478376;0.8379496034780919;0.837949603478092;0.8379496034780919;0.837949603478092;laptop_buyer_utility.xml;laptop_seller_utility.xml
0,011;5;;60rounds;Yes;Yes;2;0,77056;0,94535;0,00000;0,00000;1,71591;Group29_BoaParty@1910;ConcederNegotiationParty@1911;1.0;0.8151053951696905;0.9453497733182434;0.7705597005541441;0.9453497733182434;0.7705597005541441;laptop_buyer_utility.xml;laptop_seller_utility.xml
0,002;2;;60rounds;Yes;Yes;2;0,80373;0,98605;0,00000;0,00000;1,78978;ConcederNegotiationParty@1912;Group29_BoaParty@1913;1.0;0.8151053951696905;0.9860481692593485;0.8037331826604911;0.9860481692593485;0.8037331826604911;laptop_buyer_utility.xml;laptop_seller_utility.xml
0,002;2;;60rounds;Yes;Yes;2;0,80373;0,98605;0,00000;0,00000;1,78978;Group29_BoaParty@1914;Group29_BoaParty@1915;1.0;0.8151053951696905;0.9860481692593485;0.8037331826604911;0.9860481692593485;0.8037331826604911;laptop_buyer_utility.xml;laptop_seller_utility.xml
0,008;4;;60rounds;Yes;Yes;2;0,83795;0,83795;0,00000;0,13333;1,67590;ConcederNegotiationParty@1916;ConcederNegotiationParty@1917;0.8740242984783759;0.874024298478376;0.8379496034780919;0.837949603478092;0.8379496034780919;0.837949603478092;laptop_buyer_utility.xml;laptop_seller_utility.xml
0,007;5;;60rounds;Yes;Yes;2;0,77056;0,94535;0,00000;0,00000;1,71591;Group29_BoaParty@1918;ConcederNegotiationParty@1919;1.0;0.8151053951696905;0.9453497733182434;0.7705597005541441;0.9453497733182434;0.7705597005541441;laptop_buyer_utility.xml;laptop_seller_utility.xml
0,007;2;;60rounds;Yes;Yes;2;0,80373;0,98605;0,00000;0,00000;1,78978;ConcederNegotiationParty@1920;Group29_BoaParty@1921;1.0;0.8151053951696905;0.9860481692593485;0.8037331826604911;0.9860481692593485;0.8037331826604911;laptop_buyer_utility.xml;laptop_seller_utility.xml
0,002;2;;60rounds;Yes;Yes;2;0,80373;0,98605;0,00000;0,00000;1,78978;Group29_BoaParty@1922;Group29_BoaParty@1923;1.0;0.8151053951696905;0.9860481692593485;0.8037331826604911;0.9860481692593485;0.8037331826604911;laptop_buyer_utility.xml;laptop_seller_utility.xml
0,005;4;;60rounds;Yes;Yes;2;0,83795;0,83795;0,00000;0,13333;1,67590;ConcederNegotiationParty@1924;ConcederNegotiationParty@1925;0.8740242984783759;0.874024298478376;0.8379496034780919;0.837949603478092;0.8379496034780919;0.837949603478092;laptop_buyer_utility.xml;laptop_seller_utility.xml
0,006;5;;60rounds;Yes;Yes;2;0,77056;0,94535;0,00000;0,00000;1,71591;Group29_BoaParty@1926;ConcederNegotiationParty@1927;1.0;0.8151053951696905;0.9453497733182434;0.7705597005541441;0.9453497733182434;0.7705597005541441;laptop_buyer_utility.xml;laptop_seller_utility.xml
0,004;2;;60rounds;Yes;Yes;2;0,80373;0,98605;0,00000;0,00000;1,78978;ConcederNegotiationParty@1928;Group29_BoaParty@1929;1.0;0.8151053951696905;0.9860481692593485;0.8037331826604911;0.9860481692593485;0.8037331826604911;laptop_buyer_utility.xml;laptop_seller_utility.xml
0,016;7;;60rounds;Yes;Yes;2;0,74921;0,91916;0,00000;0,00000;1,66836;Group29_BoaParty@1930;Group29_BoaParty@1931;1.0;0.8151053951696905;0.9191550689808333;0.7492082557238463;0.9191550689808333;0.7492082557238463;laptop_buyer_utility.xml;laptop_seller_utility.xml
0,005;4;;60rounds;Yes;Yes;2;0,83795;0,83795;0,00000;0,13333;1,67590;ConcederNegotiationParty@1932;ConcederNegotiationParty@1933;0.8740242984783759;0.874024298478376;0.8379496034780919;0.837949603478092;0.8379496034780919;0.837949603478092;laptop_buyer_utility.xml;laptop_seller_utility.xml
0,009;5;;60rounds;Yes;Yes;2;0,77056;0,94535;0,00000;0,00000;1,71591;Group29_BoaParty@1934;ConcederNegotiationParty@1935;1.0;0.8151053951696905;0.9453497733182434;0.7705597005541441;0.9453497733182434;0.7705597005541441;laptop_buyer_utility.xml;laptop_seller_utility.xml
0,002;2;;60rounds;Yes;Yes;2;0,80373;0,98605;0,00000;0,00000;1,78978;ConcederNegotiationParty@1936;Group29_BoaParty@1937;1.0;0.8151053951696905;0.9860481692593485;0.8037331826604911;0.9860481692593485;0.8037331826604911;laptop_buyer_utility.xml;laptop_seller_utility.xml
0,004;2;;60rounds;Yes;Yes;2;0,80373;0,98605;0,00000;0,00000;1,78978;Group29_BoaParty@1938;Group29_BoaParty@1939;1.0;0.8151053951696905;0.9860481692593485;0.8037331826604911;0.9860481692593485;0.8037331826604911;laptop_buyer_utility.xml;laptop_seller_utility.xml
0,004;4;;60rounds;Yes;Yes;2;0,83795;0,83795;0,00000;0,13333;1,67590;ConcederNegotiationParty@1940;ConcederNegotiationParty@1941;0.8740242984783759;0.874024298478376;0.8379496034780919;0.837949603478092;0.8379496034780919;0.837949603478092;laptop_buyer_utility.xml;laptop_seller_utility.xml
0,009;5;;60rounds;Yes;Yes;2;0,77056;0,94535;0,00000;0,00000;1,71591;Group29_BoaParty@1942;ConcederNegotiationParty@1943;1.0;0.8151053951696905;0.9453497733182434;0.7705597005541441;0.9453497733182434;0.7705597005541441;laptop_buyer_utility.xml;laptop_seller_utility.xml
0,002;2;;60rounds;Yes;Yes;2;0,80373;0,98605;0,00000;0,00000;1,78978;ConcederNegotiationParty@1944;Group29_BoaParty@1945;1.0;0.8151053951696905;0.9860481692593485;0.8037331826604911;0.9860481692593485;0.8037331826604911;laptop_buyer_utility.xml;laptop_seller_utility.xml
0,003;2;;60rounds;Yes;Yes;2;0,80373;0,98605;0,00000;0,00000;1,78978;Group29_BoaParty@1946;Group29_BoaParty@1947;1.0;0.8151053951696905;0.9860481692593485;0.8037331826604911;0.9860481692593485;0.8037331826604911;laptop_buyer_utility.xml;laptop_seller_utility.xml
0,005;4;;60rounds;Yes;Yes;2;0,83795;0,83795;0,00000;0,13333;1,67590;ConcederNegotiationParty@1948;ConcederNegotiationParty@1949;0.8740242984783759;0.874024298478376;0.8379496034780919;0.837949603478092;0.8379496034780919;0.837949603478092;laptop_buyer_utility.xml;laptop_seller_utility.xml
0,009;5;;60rounds;Yes;Yes;2;0,77056;0,94535;0,00000;0,00000;1,71591;Group29_BoaParty@1950;ConcederNegotiationParty@1951;1.0;0.8151053951696905;0.9453497733182434;0.7705597005541441;0.9453497733182434;0.7705597005541441;laptop_buyer_utility.xml;laptop_seller_utility.xml
0,004;2;;60rounds;Yes;Yes;2;0,80373;0,98605;0,00000;0,00000;1,78978;ConcederNegotiationParty@1952;Group29_BoaParty@1953;1.0;0.8151053951696905;0.9860481692593485;0.8037331826604911;0.9860481692593485;0.8037331826604911;laptop_buyer_utility.xml;laptop_seller_utility.xml
0,004;3;;60rounds;Yes;Yes;2;0,79252;0,97229;0,00000;0,00000;1,76481;Group29_BoaParty@1954;Group29_BoaParty@1955;1.0;0.8151053951696905;0.9722909920997126;0.7925196333353667;0.9722909920997126;0.7925196333353667;laptop_buyer_utility.xml;laptop_seller_utility.xml
0,005;4;;60rounds;Yes;Yes;2;0,83795;0,83795;0,00000;0,13333;1,67590;ConcederNegotiationParty@1956;ConcederNegotiationParty@1957;0.8740242984783759;0.874024298478376;0.8379496034780919;0.837949603478092;0.8379496034780919;0.837949603478092;laptop_buyer_utility.xml;laptop_seller_utility.xml
0,008;5;;60rounds;Yes;Yes;2;0,77056;0,94535;0,00000;0,00000;1,71591;Group29_BoaParty@1958;ConcederNegotiationParty@1959;1.0;0.8151053951696905;0.9453497733182434;0.7705597005541441;0.9453497733182434;0.7705597005541441;laptop_buyer_utility.xml;laptop_seller_utility.xml
0,003;2;;60rounds;Yes;Yes;2;0,80373;0,98605;0,00000;0,00000;1,78978;ConcederNegotiationParty@1960;Group29_BoaParty@1961;1.0;0.8151053951696905;0.9860481692593485;0.8037331826604911;0.9860481692593485;0.8037331826604911;laptop_buyer_utility.xml;laptop_seller_utility.xml
0,003;2;;60rounds;Yes;Yes;2;0,80373;0,98605;0,00000;0,00000;1,78978;Group29_BoaParty@1962;Group29_BoaParty@1963;1.0;0.8151053951696905;0.9860481692593485;0.8037331826604911;0.9860481692593485;0.8037331826604911;laptop_buyer_utility.xml;laptop_seller_utility.xml
0,004;4;;60rounds;Yes;Yes;2;0,83795;0,83795;0,00000;0,13333;1,67590;ConcederNegotiationParty@1964;ConcederNegotiationParty@1965;0.8740242984783759;0.874024298478376;0.8379496034780919;0.837949603478092;0.8379496034780919;0.837949603478092;laptop_buyer_utility.xml;laptop_seller_utility.xml
0,010;5;;60rounds;Yes;Yes;2;0,77056;0,94535;0,00000;0,00000;1,71591;Group29_BoaParty@1966;ConcederNegotiationParty@1967;1.0;0.8151053951696905;0.9453497733182434;0.7705597005541441;0.9453497733182434;0.7705597005541441;laptop_buyer_utility.xml;laptop_seller_utility.xml
0,003;2;;60rounds;Yes;Yes;2;0,80373;0,98605;0,00000;0,00000;1,78978;ConcederNegotiationParty@1968;Group29_BoaParty@1969;1.0;0.8151053951696905;0.9860481692593485;0.8037331826604911;0.9860481692593485;0.8037331826604911;laptop_buyer_utility.xml;laptop_seller_utility.xml
0,006;2;;60rounds;Yes;Yes;2;0,80373;0,98605;0,00000;0,00000;1,78978;Group29_BoaParty@1970;Group29_BoaParty@1971;1.0;0.8151053951696905;0.9860481692593485;0.8037331826604911;0.9860481692593485;0.8037331826604911;laptop_buyer_utility.xml;laptop_seller_utility.xml
0,006;4;;60rounds;Yes;Yes;2;0,83795;0,83795;0,00000;0,13333;1,67590;ConcederNegotiationParty@1972;ConcederNegotiationParty@1973;0.8740242984783759;0.874024298478376;0.8379496034780919;0.837949603478092;0.8379496034780919;0.837949603478092;laptop_buyer_utility.xml;laptop_seller_utility.xml
0,014;5;;60rounds;Yes;Yes;2;0,77056;0,94535;0,00000;0,00000;1,71591;Group29_BoaParty@1974;ConcederNegotiationParty@1975;1.0;0.8151053951696905;0.9453497733182434;0.7705597005541441;0.9453497733182434;0.7705597005541441;laptop_buyer_utility.xml;laptop_seller_utility.xml
0,004;2;;60rounds;Yes;Yes;2;0,80373;0,98605;0,00000;0,00000;1,78978;ConcederNegotiationParty@1976;Group29_BoaParty@1977;1.0;0.8151053951696905;0.9860481692593485;0.8037331826604911;0.9860481692593485;0.8037331826604911;laptop_buyer_utility.xml;laptop_seller_utility.xml
0,007;3;;60rounds;Yes;Yes;2;0,79252;0,97229;0,00000;0,00000;1,76481;Group29_BoaParty@1978;Group29_BoaParty@1979;1.0;0.8151053951696905;0.9722909920997126;0.7925196333353667;0.9722909920997126;0.7925196333353667;laptop_buyer_utility.xml;laptop_seller_utility.xml
0,005;4;;60rounds;Yes;Yes;2;0,83795;0,83795;0,00000;0,13333;1,67590;ConcederNegotiationParty@1980;ConcederNegotiationParty@1981;0.8740242984783759;0.874024298478376;0.8379496034780919;0.837949603478092;0.8379496034780919;0.837949603478092;laptop_buyer_utility.xml;laptop_seller_utility.xml
0,009;5;;60rounds;Yes;Yes;2;0,77056;0,94535;0,00000;0,00000;1,71591;Group29_BoaParty@1982;ConcederNegotiationParty@1983;1.0;0.8151053951696905;0.9453497733182434;0.7705597005541441;0.9453497733182434;0.7705597005541441;laptop_buyer_utility.xml;laptop_seller_utility.xml
0,004;2;;60rounds;Yes;Yes;2;0,80373;0,98605;0,00000;0,00000;1,78978;ConcederNegotiationParty@1984;Group29_BoaParty@1985;1.0;0.8151053951696905;0.9860481692593485;0.8037331826604911;0.9860481692593485;0.8037331826604911;laptop_buyer_utility.xml;laptop_seller_utility.xml
0,005;3;;60rounds;Yes;Yes;2;0,79252;0,97229;0,00000;0,00000;1,76481;Group29_BoaParty@1986;Group29_BoaParty@1987;1.0;0.8151053951696905;0.9722909920997126;0.7925196333353667;0.9722909920997126;0.7925196333353667;laptop_buyer_utility.xml;laptop_seller_utility.xml
0,005;4;;60rounds;Yes;Yes;2;0,83795;0,83795;0,00000;0,13333;1,67590;ConcederNegotiationParty@1988;ConcederNegotiationParty@1989;0.8740242984783759;0.874024298478376;0.8379496034780919;0.837949603478092;0.8379496034780919;0.837949603478092;laptop_buyer_utility.xml;laptop_seller_utility.xml
0,008;5;;60rounds;Yes;Yes;2;0,77056;0,94535;0,00000;0,00000;1,71591;Group29_BoaParty@1990;ConcederNegotiationParty@1991;1.0;0.8151053951696905;0.9453497733182434;0.7705597005541441;0.9453497733182434;0.7705597005541441;laptop_buyer_utility.xml;laptop_seller_utility.xml
0,004;2;;60rounds;Yes;Yes;2;0,80373;0,98605;0,00000;0,00000;1,78978;ConcederNegotiationParty@1992;Group29_BoaParty@1993;1.0;0.8151053951696905;0.9860481692593485;0.8037331826604911;0.9860481692593485;0.8037331826604911;laptop_buyer_utility.xml;laptop_seller_utility.xml
0,006;2;;60rounds;Yes;Yes;2;0,80373;0,98605;0,00000;0,00000;1,78978;Group29_BoaParty@1994;Group29_BoaParty@1995;1.0;0.8151053951696905;0.9860481692593485;0.8037331826604911;0.9860481692593485;0.8037331826604911;laptop_buyer_utility.xml;laptop_seller_utility.xml
0,005;4;;60rounds;Yes;Yes;2;0,83795;0,83795;0,00000;0,13333;1,67590;ConcederNegotiationParty@1996;ConcederNegotiationParty@1997;0.8740242984783759;0.874024298478376;0.8379496034780919;0.837949603478092;0.8379496034780919;0.837949603478092;laptop_buyer_utility.xml;laptop_seller_utility.xml
0,007;5;;60rounds;Yes;Yes;2;0,77056;0,94535;0,00000;0,00000;1,71591;Group29_BoaParty@1998;ConcederNegotiationParty@1999;1.0;0.8151053951696905;0.9453497733182434;0.7705597005541441;0.9453497733182434;0.7705597005541441;laptop_buyer_utility.xml;laptop_seller_utility.xml
0,002;2;;60rounds;Yes;Yes;2;0,80373;0,98605;0,00000;0,00000;1,78978;ConcederNegotiationParty@2000;Group29_BoaParty@2001;1.0;0.8151053951696905;0.9860481692593485;0.8037331826604911;0.9860481692593485;0.8037331826604911;laptop_buyer_utility.xml;laptop_seller_utility.xml
0,006;3;;60rounds;Yes;Yes;2;0,79252;0,97229;0,00000;0,00000;1,76481;Group29_BoaParty@2002;Group29_BoaParty@2003;1.0;0.8151053951696905;0.9722909920997126;0.7925196333353667;0.9722909920997126;0.7925196333353667;laptop_buyer_utility.xml;laptop_seller_utility.xml
0,009;4;;60rounds;Yes;Yes;2;0,83795;0,83795;0,00000;0,13333;1,67590;ConcederNegotiationParty@2004;ConcederNegotiationParty@2005;0.8740242984783759;0.874024298478376;0.8379496034780919;0.837949603478092;0.8379496034780919;0.837949603478092;laptop_buyer_utility.xml;laptop_seller_utility.xml
0,007;5;;60rounds;Yes;Yes;2;0,77056;0,94535;0,00000;0,00000;1,71591;Group29_BoaParty@2006;ConcederNegotiationParty@2007;1.0;0.8151053951696905;0.9453497733182434;0.7705597005541441;0.9453497733182434;0.7705597005541441;laptop_buyer_utility.xml;laptop_seller_utility.xml
0,003;2;;60rounds;Yes;Yes;2;0,80373;0,98605;0,00000;0,00000;1,78978;ConcederNegotiationParty@2008;Group29_BoaParty@2009;1.0;0.8151053951696905;0.9860481692593485;0.8037331826604911;0.9860481692593485;0.8037331826604911;laptop_buyer_utility.xml;laptop_seller_utility.xml
0,003;2;;60rounds;Yes;Yes;2;0,80373;0,98605;0,00000;0,00000;1,78978;Group29_BoaParty@2010;Group29_BoaParty@2011;1.0;0.8151053951696905;0.9860481692593485;0.8037331826604911;0.9860481692593485;0.8037331826604911;laptop_buyer_utility.xml;laptop_seller_utility.xml
0,005;4;;60rounds;Yes;Yes;2;0,83795;0,83795;0,00000;0,13333;1,67590;ConcederNegotiationParty@2012;ConcederNegotiationParty@2013;0.8740242984783759;0.874024298478376;0.8379496034780919;0.837949603478092;0.8379496034780919;0.837949603478092;laptop_buyer_utility.xml;laptop_seller_utility.xml
0,007;5;;60rounds;Yes;Yes;2;0,77056;0,94535;0,00000;0,00000;1,71591;Group29_BoaParty@2014;ConcederNegotiationParty@2015;1.0;0.8151053951696905;0.9453497733182434;0.7705597005541441;0.9453497733182434;0.7705597005541441;laptop_buyer_utility.xml;laptop_seller_utility.xml
0,003;2;;60rounds;Yes;Yes;2;0,80373;0,98605;0,00000;0,00000;1,78978;ConcederNegotiationParty@2016;Group29_BoaParty@2017;1.0;0.8151053951696905;0.9860481692593485;0.8037331826604911;0.9860481692593485;0.8037331826604911;laptop_buyer_utility.xml;laptop_seller_utility.xml
0,003;2;;60rounds;Yes;Yes;2;0,80373;0,98605;0,00000;0,00000;1,78978;Group29_BoaParty@2018;Group29_BoaParty@2019;1.0;0.8151053951696905;0.9860481692593485;0.8037331826604911;0.9860481692593485;0.8037331826604911;laptop_buyer_utility.xml;laptop_seller_utility.xml
0,005;4;;60rounds;Yes;Yes;2;0,83795;0,83795;0,00000;0,13333;1,67590;ConcederNegotiationParty@2020;ConcederNegotiationParty@2021;0.8740242984783759;0.874024298478376;0.8379496034780919;0.837949603478092;0.8379496034780919;0.837949603478092;laptop_buyer_utility.xml;laptop_seller_utility.xml
0,007;5;;60rounds;Yes;Yes;2;0,77056;0,94535;0,00000;0,00000;1,71591;Group29_BoaParty@2022;ConcederNegotiationParty@2023;1.0;0.8151053951696905;0.9453497733182434;0.7705597005541441;0.9453497733182434;0.7705597005541441;laptop_buyer_utility.xml;laptop_seller_utility.xml
0,002;2;;60rounds;Yes;Yes;2;0,80373;0,98605;0,00000;0,00000;1,78978;ConcederNegotiationParty@2024;Group29_BoaParty@2025;1.0;0.8151053951696905;0.9860481692593485;0.8037331826604911;0.9860481692593485;0.8037331826604911;laptop_buyer_utility.xml;laptop_seller_utility.xml
0,003;2;;60rounds;Yes;Yes;2;0,80373;0,98605;0,00000;0,00000;1,78978;Group29_BoaParty@2026;Group29_BoaParty@2027;1.0;0.8151053951696905;0.9860481692593485;0.8037331826604911;0.9860481692593485;0.8037331826604911;laptop_buyer_utility.xml;laptop_seller_utility.xml
0,005;4;;60rounds;Yes;Yes;2;0,83795;0,83795;0,00000;0,13333;1,67590;ConcederNegotiationParty@2028;ConcederNegotiationParty@2029;0.8740242984783759;0.874024298478376;0.8379496034780919;0.837949603478092;0.8379496034780919;0.837949603478092;laptop_buyer_utility.xml;laptop_seller_utility.xml
0,008;5;;60rounds;Yes;Yes;2;0,77056;0,94535;0,00000;0,00000;1,71591;Group29_BoaParty@2030;ConcederNegotiationParty@2031;1.0;0.8151053951696905;0.9453497733182434;0.7705597005541441;0.9453497733182434;0.7705597005541441;laptop_buyer_utility.xml;laptop_seller_utility.xml
0,004;2;;60rounds;Yes;Yes;2;0,80373;0,98605;0,00000;0,00000;1,78978;ConcederNegotiationParty@2032;Group29_BoaParty@2033;1.0;0.8151053951696905;0.9860481692593485;0.8037331826604911;0.9860481692593485;0.8037331826604911;laptop_buyer_utility.xml;laptop_seller_utility.xml
0,007;3;;60rounds;Yes;Yes;2;0,79252;0,97229;0,00000;0,00000;1,76481;Group29_BoaParty@2034;Group29_BoaParty@2035;1.0;0.8151053951696905;0.9722909920997126;0.7925196333353667;0.9722909920997126;0.7925196333353667;laptop_buyer_utility.xml;laptop_seller_utility.xml
0,008;4;;60rounds;Yes;Yes;2;0,83795;0,83795;0,00000;0,13333;1,67590;ConcederNegotiationParty@2036;ConcederNegotiationParty@2037;0.8740242984783759;0.874024298478376;0.8379496034780919;0.837949603478092;0.8379496034780919;0.837949603478092;laptop_buyer_utility.xml;laptop_seller_utility.xml
0,007;5;;60rounds;Yes;Yes;2;0,77056;0,94535;0,00000;0,00000;1,71591;Group29_BoaParty@2038;ConcederNegotiationParty@2039;1.0;0.8151053951696905;0.9453497733182434;0.7705597005541441;0.9453497733182434;0.7705597005541441;laptop_buyer_utility.xml;laptop_seller_utility.xml
0,003;2;;60rounds;Yes;Yes;2;0,80373;0,98605;0,00000;0,00000;1,78978;ConcederNegotiationParty@2040;Group29_BoaParty@2041;1.0;0.8151053951696905;0.9860481692593485;0.8037331826604911;0.9860481692593485;0.8037331826604911;laptop_buyer_utility.xml;laptop_seller_utility.xml
0,003;2;;60rounds;Yes;Yes;2;0,80373;0,98605;0,00000;0,00000;1,78978;Group29_BoaParty@2042;Group29_BoaParty@2043;1.0;0.8151053951696905;0.9860481692593485;0.8037331826604911;0.9860481692593485;0.8037331826604911;laptop_buyer_utility.xml;laptop_seller_utility.xml
0,005;4;;60rounds;Yes;Yes;2;0,83795;0,83795;0,00000;0,13333;1,67590;ConcederNegotiationParty@2044;ConcederNegotiationParty@2045;0.8740242984783759;0.874024298478376;0.8379496034780919;0.837949603478092;0.8379496034780919;0.837949603478092;laptop_buyer_utility.xml;laptop_seller_utility.xml
0,006;5;;60rounds;Yes;Yes;2;0,77056;0,94535;0,00000;0,00000;1,71591;Group29_BoaParty@2046;ConcederNegotiationParty@2047;1.0;0.8151053951696905;0.9453497733182434;0.7705597005541441;0.9453497733182434;0.7705597005541441;laptop_buyer_utility.xml;laptop_seller_utility.xml
0,003;2;;60rounds;Yes;Yes;2;0,80373;0,98605;0,00000;0,00000;1,78978;ConcederNegotiationParty@2048;Group29_BoaParty@2049;1.0;0.8151053951696905;0.9860481692593485;0.8037331826604911;0.9860481692593485;0.8037331826604911;laptop_buyer_utility.xml;laptop_seller_utility.xml
0,003;2;;60rounds;Yes;Yes;2;0,80373;0,98605;0,00000;0,00000;1,78978;Group29_BoaParty@2050;Group29_BoaParty@2051;1.0;0.8151053951696905;0.9860481692593485;0.8037331826604911;0.9860481692593485;0.8037331826604911;laptop_buyer_utility.xml;laptop_seller_utility.xml
0,005;4;;60rounds;Yes;Yes;2;0,83795;0,83795;0,00000;0,13333;1,67590;ConcederNegotiationParty@2052;ConcederNegotiationParty@2053;0.8740242984783759;0.874024298478376;0.8379496034780919;0.837949603478092;0.8379496034780919;0.837949603478092;laptop_buyer_utility.xml;laptop_seller_utility.xml
0,006;5;;60rounds;Yes;Yes;2;0,77056;0,94535;0,00000;0,00000;1,71591;Group29_BoaParty@2054;ConcederNegotiationParty@2055;1.0;0.8151053951696905;0.9453497733182434;0.7705597005541441;0.9453497733182434;0.7705597005541441;laptop_buyer_utility.xml;laptop_seller_utility.xml
0,003;2;;60rounds;Yes;Yes;2;0,80373;0,98605;0,00000;0,00000;1,78978;ConcederNegotiationParty@2056;Group29_BoaParty@2057;1.0;0.8151053951696905;0.9860481692593485;0.8037331826604911;0.9860481692593485;0.8037331826604911;laptop_buyer_utility.xml;laptop_seller_utility.xml
0,011;8;;60rounds;Yes;Yes;2;0,73876;0,90633;0,00000;0,00000;1,64509;Group29_BoaParty@2058;Group29_BoaParty@2059;1.0;0.8151053951696905;0.9063311730340009;0.7387554289504884;0.9063311730340009;0.7387554289504884;laptop_buyer_utility.xml;laptop_seller_utility.xml
0,005;4;;60rounds;Yes;Yes;2;0,83795;0,83795;0,00000;0,13333;1,67590;ConcederNegotiationParty@2060;ConcederNegotiationParty@2061;0.8740242984783759;0.874024298478376;0.8379496034780919;0.837949603478092;0.8379496034780919;0.837949603478092;laptop_buyer_utility.xml;laptop_seller_utility.xml
0,006;5;;60rounds;Yes;Yes;2;0,77056;0,94535;0,00000;0,00000;1,71591;Group29_BoaParty@2062;ConcederNegotiationParty@2063;1.0;0.8151053951696905;0.9453497733182434;0.7705597005541441;0.9453497733182434;0.7705597005541441;laptop_buyer_utility.xml;laptop_seller_utility.xml
0,003;2;;60rounds;Yes;Yes;2;0,80373;0,98605;0,00000;0,00000;1,78978;ConcederNegotiationParty@2064;Group29_BoaParty@2065;1.0;0.8151053951696905;0.9860481692593485;0.8037331826604911;0.9860481692593485;0.8037331826604911;laptop_buyer_utility.xml;laptop_seller_utility.xml
0,002;2;;60rounds;Yes;Yes;2;0,80373;0,98605;0,00000;0,00000;1,78978;Group29_BoaParty@2066;Group29_BoaParty@2067;1.0;0.8151053951696905;0.9860481692593485;0.8037331826604911;0.9860481692593485;0.8037331826604911;laptop_buyer_utility.xml;laptop_seller_utility.xml
0,004;4;;60rounds;Yes;Yes;2;0,83795;0,83795;0,00000;0,13333;1,67590;ConcederNegotiationParty@2068;ConcederNegotiationParty@2069;0.8740242984783759;0.874024298478376;0.8379496034780919;0.837949603478092;0.8379496034780919;0.837949603478092;laptop_buyer_utility.xml;laptop_seller_utility.xml
0,005;5;;60rounds;Yes;Yes;2;0,77056;0,94535;0,00000;0,00000;1,71591;Group29_BoaParty@2070;ConcederNegotiationParty@2071;1.0;0.8151053951696905;0.9453497733182434;0.7705597005541441;0.9453497733182434;0.7705597005541441;laptop_buyer_utility.xml;laptop_seller_utility.xml
0,002;2;;60rounds;Yes;Yes;2;0,80373;0,98605;0,00000;0,00000;1,78978;ConcederNegotiationParty@2072;Group29_BoaParty@2073;1.0;0.8151053951696905;0.9860481692593485;0.8037331826604911;0.9860481692593485;0.8037331826604911;laptop_buyer_utility.xml;laptop_seller_utility.xml
0,002;2;;60rounds;Yes;Yes;2;0,80373;0,98605;0,00000;0,00000;1,78978;Group29_BoaParty@2074;Group29_BoaParty@2075;1.0;0.8151053951696905;0.9860481692593485;0.8037331826604911;0.9860481692593485;0.8037331826604911;laptop_buyer_utility.xml;laptop_seller_utility.xml
0,004;4;;60rounds;Yes;Yes;2;0,83795;0,83795;0,00000;0,13333;1,67590;ConcederNegotiationParty@2076;ConcederNegotiationParty@2077;0.8740242984783759;0.874024298478376;0.8379496034780919;0.837949603478092;0.8379496034780919;0.837949603478092;laptop_buyer_utility.xml;laptop_seller_utility.xml
0,006;5;;60rounds;Yes;Yes;2;0,77056;0,94535;0,00000;0,00000;1,71591;Group29_BoaParty@2078;ConcederNegotiationParty@2079;1.0;0.8151053951696905;0.9453497733182434;0.7705597005541441;0.9453497733182434;0.7705597005541441;laptop_buyer_utility.xml;laptop_seller_utility.xml
0,002;2;;60rounds;Yes;Yes;2;0,80373;0,98605;0,00000;0,00000;1,78978;ConcederNegotiationParty@2080;Group29_BoaParty@2081;1.0;0.8151053951696905;0.9860481692593485;0.8037331826604911;0.9860481692593485;0.8037331826604911;laptop_buyer_utility.xml;laptop_seller_utility.xml
0,008;6;;60rounds;Yes;Yes;2;0,75981;0,93216;0,00000;0,00000;1,69197;Group29_BoaParty@2082;Group29_BoaParty@2083;1.0;0.8151053951696905;0.932160413290194;0.7598089820364455;0.932160413290194;0.7598089820364455;laptop_buyer_utility.xml;laptop_seller_utility.xml
0,004;4;;60rounds;Yes;Yes;2;0,83795;0,83795;0,00000;0,13333;1,67590;ConcederNegotiationParty@2084;ConcederNegotiationParty@2085;0.8740242984783759;0.874024298478376;0.8379496034780919;0.837949603478092;0.8379496034780919;0.837949603478092;laptop_buyer_utility.xml;laptop_seller_utility.xml
0,006;5;;60rounds;Yes;Yes;2;0,77056;0,94535;0,00000;0,00000;1,71591;Group29_BoaParty@2086;ConcederNegotiationParty@2087;1.0;0.8151053951696905;0.9453497733182434;0.7705597005541441;0.9453497733182434;0.7705597005541441;laptop_buyer_utility.xml;laptop_seller_utility.xml
0,002;2;;60rounds;Yes;Yes;2;0,80373;0,98605;0,00000;0,00000;1,78978;ConcederNegotiationParty@2088;Group29_BoaParty@2089;1.0;0.8151053951696905;0.9860481692593485;0.8037331826604911;0.9860481692593485;0.8037331826604911;laptop_buyer_utility.xml;laptop_seller_utility.xml
0,004;3;;60rounds;Yes;Yes;2;0,79252;0,97229;0,00000;0,00000;1,76481;Group29_BoaParty@2090;Group29_BoaParty@2091;1.0;0.8151053951696905;0.9722909920997126;0.7925196333353667;0.9722909920997126;0.7925196333353667;laptop_buyer_utility.xml;laptop_seller_utility.xml
0,004;4;;60rounds;Yes;Yes;2;0,83795;0,83795;0,00000;0,13333;1,67590;ConcederNegotiationParty@2092;ConcederNegotiationParty@2093;0.8740242984783759;0.874024298478376;0.8379496034780919;0.837949603478092;0.8379496034780919;0.837949603478092;laptop_buyer_utility.xml;laptop_seller_utility.xml
0,006;5;;60rounds;Yes;Yes;2;0,77056;0,94535;0,00000;0,00000;1,71591;Group29_BoaParty@2094;ConcederNegotiationParty@2095;1.0;0.8151053951696905;0.9453497733182434;0.7705597005541441;0.9453497733182434;0.7705597005541441;laptop_buyer_utility.xml;laptop_seller_utility.xml
0,002;2;;60rounds;Yes;Yes;2;0,80373;0,98605;0,00000;0,00000;1,78978;ConcederNegotiationParty@2096;Group29_BoaParty@2097;1.0;0.8151053951696905;0.9860481692593485;0.8037331826604911;0.9860481692593485;0.8037331826604911;laptop_buyer_utility.xml;laptop_seller_utility.xml
0,004;3;;60rounds;Yes;Yes;2;0,79252;0,97229;0,00000;0,00000;1,76481;Group29_BoaParty@2098;Group29_BoaParty@2099;1.0;0.8151053951696905;0.9722909920997126;0.7925196333353667;0.9722909920997126;0.7925196333353667;laptop_buyer_utility.xml;laptop_seller_utility.xml
0,004;4;;60rounds;Yes;Yes;2;0,83795;0,83795;0,00000;0,13333;1,67590;ConcederNegotiationParty@2100;ConcederNegotiationParty@2101;0.8740242984783759;0.874024298478376;0.8379496034780919;0.837949603478092;0.8379496034780919;0.837949603478092;laptop_buyer_utility.xml;laptop_seller_utility.xml
0,005;5;;60rounds;Yes;Yes;2;0,77056;0,94535;0,00000;0,00000;1,71591;Group29_BoaParty@2102;ConcederNegotiationParty@2103;1.0;0.8151053951696905;0.9453497733182434;0.7705597005541441;0.9453497733182434;0.7705597005541441;laptop_buyer_utility.xml;laptop_seller_utility.xml
0,002;2;;60rounds;Yes;Yes;2;0,80373;0,98605;0,00000;0,00000;1,78978;ConcederNegotiationParty@2104;Group29_BoaParty@2105;1.0;0.8151053951696905;0.9860481692593485;0.8037331826604911;0.9860481692593485;0.8037331826604911;laptop_buyer_utility.xml;laptop_seller_utility.xml
0,006;4;;60rounds;Yes;Yes;2;0,78146;0,95873;0,00000;0,00000;1,74019;Group29_BoaParty@2106;Group29_BoaParty@2107;1.0;0.8151053951696905;0.9587257527472772;0.7814625335524283;0.9587257527472772;0.7814625335524283;laptop_buyer_utility.xml;laptop_seller_utility.xml
0,004;4;;60rounds;Yes;Yes;2;0,83795;0,83795;0,00000;0,13333;1,67590;ConcederNegotiationParty@2108;ConcederNegotiationParty@2109;0.8740242984783759;0.874024298478376;0.8379496034780919;0.837949603478092;0.8379496034780919;0.837949603478092;laptop_buyer_utility.xml;laptop_seller_utility.xml
0,006;5;;60rounds;Yes;Yes;2;0,77056;0,94535;0,00000;0,00000;1,71591;Group29_BoaParty@2110;ConcederNegotiationParty@2111;1.0;0.8151053951696905;0.9453497733182434;0.7705597005541441;0.9453497733182434;0.7705597005541441;laptop_buyer_utility.xml;laptop_seller_utility.xml
0,003;2;;60rounds;Yes;Yes;2;0,80373;0,98605;0,00000;0,00000;1,78978;ConcederNegotiationParty@2112;Group29_BoaParty@2113;1.0;0.8151053951696905;0.9860481692593485;0.8037331826604911;0.9860481692593485;0.8037331826604911;laptop_buyer_utility.xml;laptop_seller_utility.xml
0,005;4;;60rounds;Yes;Yes;2;0,78146;0,95873;0,00000;0,00000;1,74019;Group29_BoaParty@2114;Group29_BoaParty@2115;1.0;0.8151053951696905;0.9587257527472772;0.7814625335524283;0.9587257527472772;0.7814625335524283;laptop_buyer_utility.xml;laptop_seller_utility.xml
0,004;4;;60rounds;Yes;Yes;2;0,83795;0,83795;0,00000;0,13333;1,67590;ConcederNegotiationParty@2116;ConcederNegotiationParty@2117;0.8740242984783759;0.874024298478376;0.8379496034780919;0.837949603478092;0.8379496034780919;0.837949603478092;laptop_buyer_utility.xml;laptop_seller_utility.xml
0,007;5;;60rounds;Yes;Yes;2;0,77056;0,94535;0,00000;0,00000;1,71591;Group29_BoaParty@2118;ConcederNegotiationParty@2119;1.0;0.8151053951696905;0.9453497733182434;0.7705597005541441;0.9453497733182434;0.7705597005541441;laptop_buyer_utility.xml;laptop_seller_utility.xml
0,002;2;;60rounds;Yes;Yes;2;0,80373;0,98605;0,00000;0,00000;1,78978;ConcederNegotiationParty@2120;Group29_BoaParty@2121;1.0;0.8151053951696905;0.9860481692593485;0.8037331826604911;0.9860481692593485;0.8037331826604911;laptop_buyer_utility.xml;laptop_seller_utility.xml
0,011;7;;60rounds;Yes;Yes;2;0,74921;0,91916;0,00000;0,00000;1,66836;Group29_BoaParty@2122;Group29_BoaParty@2123;1.0;0.8151053951696905;0.9191550689808333;0.7492082557238463;0.9191550689808333;0.7492082557238463;laptop_buyer_utility.xml;laptop_seller_utility.xml
0,004;4;;60rounds;Yes;Yes;2;0,83795;0,83795;0,00000;0,13333;1,67590;ConcederNegotiationParty@2124;ConcederNegotiationParty@2125;0.8740242984783759;0.874024298478376;0.8379496034780919;0.837949603478092;0.8379496034780919;0.837949603478092;laptop_buyer_utility.xml;laptop_seller_utility.xml
0,006;5;;60rounds;Yes;Yes;2;0,77056;0,94535;0,00000;0,00000;1,71591;Group29_BoaParty@2126;ConcederNegotiationParty@2127;1.0;0.8151053951696905;0.9453497733182434;0.7705597005541441;0.9453497733182434;0.7705597005541441;laptop_buyer_utility.xml;laptop_seller_utility.xml
0,002;2;;60rounds;Yes;Yes;2;0,80373;0,98605;0,00000;0,00000;1,78978;ConcederNegotiationParty@2128;Group29_BoaParty@2129;1.0;0.8151053951696905;0.9860481692593485;0.8037331826604911;0.9860481692593485;0.8037331826604911;laptop_buyer_utility.xml;laptop_seller_utility.xml
0,007;5;;60rounds;Yes;Yes;2;0,77056;0,94535;0,00000;0,00000;1,71591;Group29_BoaParty@2130;Group29_BoaParty@2131;1.0;0.8151053951696905;0.9453497733182434;0.7705597005541441;0.9453497733182434;0.7705597005541441;laptop_buyer_utility.xml;laptop_seller_utility.xml
0,004;4;;60rounds;Yes;Yes;2;0,83795;0,83795;0,00000;0,13333;1,67590;ConcederNegotiationParty@2132;ConcederNegotiationParty@2133;0.8740242984783759;0.874024298478376;0.8379496034780919;0.837949603478092;0.8379496034780919;0.837949603478092;laptop_buyer_utility.xml;laptop_seller_utility.xml
0,006;5;;60rounds;Yes;Yes;2;0,77056;0,94535;0,00000;0,00000;1,71591;Group29_BoaParty@2134;ConcederNegotiationParty@2135;1.0;0.8151053951696905;0.9453497733182434;0.7705597005541441;0.9453497733182434;0.7705597005541441;laptop_buyer_utility.xml;laptop_seller_utility.xml
0,002;2;;60rounds;Yes;Yes;2;0,80373;0,98605;0,00000;0,00000;1,78978;ConcederNegotiationParty@2136;Group29_BoaParty@2137;1.0;0.8151053951696905;0.9860481692593485;0.8037331826604911;0.9860481692593485;0.8037331826604911;laptop_buyer_utility.xml;laptop_seller_utility.xml
0,002;2;;60rounds;Yes;Yes;2;0,80373;0,98605;0,00000;0,00000;1,78978;Group29_BoaParty@2138;Group29_BoaParty@2139;1.0;0.8151053951696905;0.9860481692593485;0.8037331826604911;0.9860481692593485;0.8037331826604911;laptop_buyer_utility.xml;laptop_seller_utility.xml
0,004;4;;60rounds;Yes;Yes;2;0,83795;0,83795;0,00000;0,13333;1,67590;ConcederNegotiationParty@2140;ConcederNegotiationParty@2141;0.8740242984783759;0.874024298478376;0.8379496034780919;0.837949603478092;0.8379496034780919;0.837949603478092;laptop_buyer_utility.xml;laptop_seller_utility.xml
0,006;5;;60rounds;Yes;Yes;2;0,77056;0,94535;0,00000;0,00000;1,71591;Group29_BoaParty@2142;ConcederNegotiationParty@2143;1.0;0.8151053951696905;0.9453497733182434;0.7705597005541441;0.9453497733182434;0.7705597005541441;laptop_buyer_utility.xml;laptop_seller_utility.xml
0,003;2;;60rounds;Yes;Yes;2;0,80373;0,98605;0,00000;0,00000;1,78978;ConcederNegotiationParty@2144;Group29_BoaParty@2145;1.0;0.8151053951696905;0.9860481692593485;0.8037331826604911;0.9860481692593485;0.8037331826604911;laptop_buyer_utility.xml;laptop_seller_utility.xml
0,006;4;;60rounds;Yes;Yes;2;0,78146;0,95873;0,00000;0,00000;1,74019;Group29_BoaParty@2146;Group29_BoaParty@2147;1.0;0.8151053951696905;0.9587257527472772;0.7814625335524283;0.9587257527472772;0.7814625335524283;laptop_buyer_utility.xml;laptop_seller_utility.xml
0,005;4;;60rounds;Yes;Yes;2;0,83795;0,83795;0,00000;0,13333;1,67590;ConcederNegotiationParty@2148;ConcederNegotiationParty@2149;0.8740242984783759;0.874024298478376;0.8379496034780919;0.837949603478092;0.8379496034780919;0.837949603478092;laptop_buyer_utility.xml;laptop_seller_utility.xml
0,006;5;;60rounds;Yes;Yes;2;0,77056;0,94535;0,00000;0,00000;1,71591;Group29_BoaParty@2150;ConcederNegotiationParty@2151;1.0;0.8151053951696905;0.9453497733182434;0.7705597005541441;0.9453497733182434;0.7705597005541441;laptop_buyer_utility.xml;laptop_seller_utility.xml
0,002;2;;60rounds;Yes;Yes;2;0,80373;0,98605;0,00000;0,00000;1,78978;ConcederNegotiationParty@2152;Group29_BoaParty@2153;1.0;0.8151053951696905;0.9860481692593485;0.8037331826604911;0.9860481692593485;0.8037331826604911;laptop_buyer_utility.xml;laptop_seller_utility.xml
0,003;2;;60rounds;Yes;Yes;2;0,80373;0,98605;0,00000;0,00000;1,78978;Group29_BoaParty@2154;Group29_BoaParty@2155;1.0;0.8151053951696905;0.9860481692593485;0.8037331826604911;0.9860481692593485;0.8037331826604911;laptop_buyer_utility.xml;laptop_seller_utility.xml
0,005;4;;60rounds;Yes;Yes;2;0,83795;0,83795;0,00000;0,13333;1,67590;ConcederNegotiationParty@2156;ConcederNegotiationParty@2157;0.8740242984783759;0.874024298478376;0.8379496034780919;0.837949603478092;0.8379496034780919;0.837949603478092;laptop_buyer_utility.xml;laptop_seller_utility.xml
0,007;5;;60rounds;Yes;Yes;2;0,77056;0,94535;0,00000;0,00000;1,71591;Group29_BoaParty@2158;ConcederNegotiationParty@2159;1.0;0.8151053951696905;0.9453497733182434;0.7705597005541441;0.9453497733182434;0.7705597005541441;laptop_buyer_utility.xml;laptop_seller_utility.xml
0,004;2;;60rounds;Yes;Yes;2;0,80373;0,98605;0,00000;0,00000;1,78978;ConcederNegotiationParty@2160;Group29_BoaParty@2161;1.0;0.8151053951696905;0.9860481692593485;0.8037331826604911;0.9860481692593485;0.8037331826604911;laptop_buyer_utility.xml;laptop_seller_utility.xml
0,002;2;;60rounds;Yes;Yes;2;0,80373;0,98605;0,00000;0,00000;1,78978;Group29_BoaParty@2162;Group29_BoaParty@2163;1.0;0.8151053951696905;0.9860481692593485;0.8037331826604911;0.9860481692593485;0.8037331826604911;laptop_buyer_utility.xml;laptop_seller_utility.xml
0,004;4;;60rounds;Yes;Yes;2;0,83795;0,83795;0,00000;0,13333;1,67590;ConcederNegotiationParty@2164;ConcederNegotiationParty@2165;0.8740242984783759;0.874024298478376;0.8379496034780919;0.837949603478092;0.8379496034780919;0.837949603478092;laptop_buyer_utility.xml;laptop_seller_utility.xml
0,006;5;;60rounds;Yes;Yes;2;0,77056;0,94535;0,00000;0,00000;1,71591;Group29_BoaParty@2166;ConcederNegotiationParty@2167;1.0;0.8151053951696905;0.9453497733182434;0.7705597005541441;0.9453497733182434;0.7705597005541441;laptop_buyer_utility.xml;laptop_seller_utility.xml
0,002;2;;60rounds;Yes;Yes;2;0,80373;0,98605;0,00000;0,00000;1,78978;ConcederNegotiationParty@2168;Group29_BoaParty@2169;1.0;0.8151053951696905;0.9860481692593485;0.8037331826604911;0.9860481692593485;0.8037331826604911;laptop_buyer_utility.xml;laptop_seller_utility.xml
0,003;2;;60rounds;Yes;Yes;2;0,80373;0,98605;0,00000;0,00000;1,78978;Group29_BoaParty@2170;Group29_BoaParty@2171;1.0;0.8151053951696905;0.9860481692593485;0.8037331826604911;0.9860481692593485;0.8037331826604911;laptop_buyer_utility.xml;laptop_seller_utility.xml
0,004;4;;60rounds;Yes;Yes;2;0,83795;0,83795;0,00000;0,13333;1,67590;ConcederNegotiationParty@2172;ConcederNegotiationParty@2173;0.8740242984783759;0.874024298478376;0.8379496034780919;0.837949603478092;0.8379496034780919;0.837949603478092;laptop_buyer_utility.xml;laptop_seller_utility.xml
0,006;5;;60rounds;Yes;Yes;2;0,77056;0,94535;0,00000;0,00000;1,71591;Group29_BoaParty@2174;ConcederNegotiationParty@2175;1.0;0.8151053951696905;0.9453497733182434;0.7705597005541441;0.9453497733182434;0.7705597005541441;laptop_buyer_utility.xml;laptop_seller_utility.xml
0,003;2;;60rounds;Yes;Yes;2;0,80373;0,98605;0,00000;0,00000;1,78978;ConcederNegotiationParty@2176;Group29_BoaParty@2177;1.0;0.8151053951696905;0.9860481692593485;0.8037331826604911;0.9860481692593485;0.8037331826604911;laptop_buyer_utility.xml;laptop_seller_utility.xml
0,003;2;;60rounds;Yes;Yes;2;0,80373;0,98605;0,00000;0,00000;1,78978;Group29_BoaParty@2178;Group29_BoaParty@2179;1.0;0.8151053951696905;0.9860481692593485;0.8037331826604911;0.9860481692593485;0.8037331826604911;laptop_buyer_utility.xml;laptop_seller_utility.xml
0,005;4;;60rounds;Yes;Yes;2;0,83795;0,83795;0,00000;0,13333;1,67590;ConcederNegotiationParty@2180;ConcederNegotiationParty@2181;0.8740242984783759;0.874024298478376;0.8379496034780919;0.837949603478092;0.8379496034780919;0.837949603478092;laptop_buyer_utility.xml;laptop_seller_utility.xml
0,008;5;;60rounds;Yes;Yes;2;0,77056;0,94535;0,00000;0,00000;1,71591;Group29_BoaParty@2182;ConcederNegotiationParty@2183;1.0;0.8151053951696905;0.9453497733182434;0.7705597005541441;0.9453497733182434;0.7705597005541441;laptop_buyer_utility.xml;laptop_seller_utility.xml
0,002;2;;60rounds;Yes;Yes;2;0,80373;0,98605;0,00000;0,00000;1,78978;ConcederNegotiationParty@2184;Group29_BoaParty@2185;1.0;0.8151053951696905;0.9860481692593485;0.8037331826604911;0.9860481692593485;0.8037331826604911;laptop_buyer_utility.xml;laptop_seller_utility.xml
0,003;3;;60rounds;Yes;Yes;2;0,79252;0,97229;0,00000;0,00000;1,76481;Group29_BoaParty@2186;Group29_BoaParty@2187;1.0;0.8151053951696905;0.9722909920997126;0.7925196333353667;0.9722909920997126;0.7925196333353667;laptop_buyer_utility.xml;laptop_seller_utility.xml
0,004;4;;60rounds;Yes;Yes;2;0,83795;0,83795;0,00000;0,13333;1,67590;ConcederNegotiationParty@2188;ConcederNegotiationParty@2189;0.8740242984783759;0.874024298478376;0.8379496034780919;0.837949603478092;0.8379496034780919;0.837949603478092;laptop_buyer_utility.xml;laptop_seller_utility.xml
0,006;5;;60rounds;Yes;Yes;2;0,77056;0,94535;0,00000;0,00000;1,71591;Group29_BoaParty@2190;ConcederNegotiationParty@2191;1.0;0.8151053951696905;0.9453497733182434;0.7705597005541441;0.9453497733182434;0.7705597005541441;laptop_buyer_utility.xml;laptop_seller_utility.xml
0,004;2;;60rounds;Yes;Yes;2;0,80373;0,98605;0,00000;0,00000;1,78978;ConcederNegotiationParty@2192;Group29_BoaParty@2193;1.0;0.8151053951696905;0.9860481692593485;0.8037331826604911;0.9860481692593485;0.8037331826604911;laptop_buyer_utility.xml;laptop_seller_utility.xml
0,013;10;;60rounds;Yes;Yes;2;0,71829;0,88122;0,00000;0,00000;1,59950;Group29_BoaParty@2194;Group29_BoaParty@2195;1.0;0.8151053951696905;0.881217635400125;0.7182852489333191;0.881217635400125;0.7182852489333191;laptop_buyer_utility.xml;laptop_seller_utility.xml
0,005;4;;60rounds;Yes;Yes;2;0,83795;0,83795;0,00000;0,13333;1,67590;ConcederNegotiationParty@2196;ConcederNegotiationParty@2197;0.8740242984783759;0.874024298478376;0.8379496034780919;0.837949603478092;0.8379496034780919;0.837949603478092;laptop_buyer_utility.xml;laptop_seller_utility.xml
0,006;5;;60rounds;Yes;Yes;2;0,77056;0,94535;0,00000;0,00000;1,71591;Group29_BoaParty@2198;ConcederNegotiationParty@2199;1.0;0.8151053951696905;0.9453497733182434;0.7705597005541441;0.9453497733182434;0.7705597005541441;laptop_buyer_utility.xml;laptop_seller_utility.xml
0,003;2;;60rounds;Yes;Yes;2;0,80373;0,98605;0,00000;0,00000;1,78978;ConcederNegotiationParty@2200;Group29_BoaParty@2201;1.0;0.8151053951696905;0.9860481692593485;0.8037331826604911;0.9860481692593485;0.8037331826604911;laptop_buyer_utility.xml;laptop_seller_utility.xml
0,004;3;;60rounds;Yes;Yes;2;0,79252;0,97229;0,00000;0,00000;1,76481;Group29_BoaParty@2202;Group29_BoaParty@2203;1.0;0.8151053951696905;0.9722909920997126;0.7925196333353667;0.9722909920997126;0.7925196333353667;laptop_buyer_utility.xml;laptop_seller_utility.xml
